Alexei Alexeyevich Abrikosov;Alexei Abrikosov;Abrikosov, Alexei Alexeyevich;Abrikosov, Alexei;Alexei A. Abrikosov;A. A. Abrikosov;Alexei Alexeyevich Abrikosov;Abrikosov, A. A.;Abrikosov, Alexei A.
Zhores Ivanovich Alferov;Zhores Alferov;Alferov, Zhores Ivanovich;Alferov, Zhores;Zhores I. Alferov;Z. I. Alferov;Alferov, Zhores I.;Zhores Ivanovich Alferov;Alferov, Z. I.
Hannes Alfven;Alfven, Hannes;H. Alfven;Alfven, H.;Hannes Alfven
Luis Walter Alvarez;L. W. Alvarez;Alvarez, Luis;Alvarez, L. W.;Alvarez, Luis Walter;Luis W. Alvarez;Luis Alvarez;Luis Walter Alvarez;Alvarez, Luis W.
Carl David Anderson;Anderson, Carl David;Carl David Anderson;Anderson, C. D.;Anderson, Carl;Carl Anderson;Anderson, Carl D.;Carl D. Anderson;C. D. Anderson
Philip Warren Anderson;P. W. Anderson;Philip Warren Anderson;Anderson, Philip;Anderson, P. W.;Anderson, Philip Warren;Philip Anderson;Anderson, Philip W.;Philip W. Anderson
Sir Edward Victor Appleton;Sir Edward V. Appleton;Sir Edward Appleton;Edward V. Appleton;Appleton, Sir Edward Victor;Appleton, E. V.;Edward Victor Appleton;Appleton, Sir Edward;E. V. Appleton;Appleton, Edward;Appleton, Sir E. V.;Sir Edward Victor Appleton;Edward Appleton;Appleton, Edward V.;Appleton, Edward Victor;Sir E. V. Appleton;Appleton, Sir Edward V.
John Bardeen;Bardeen, John;John Bardeen;J. Bardeen;Bardeen, J.
John Bardeen;Bardeen, John;John Bardeen;J. Bardeen;Bardeen, J.
Charles Glover Barkla;Barkla, Charles G.;Barkla, Charles;C. G. Barkla;Barkla, C. G.;Barkla, Charles Glover;Charles Barkla;Charles Glover Barkla;Charles G. Barkla
Nikolay Gennadiyevich Basov;Basov, Nikolay Gennadiyevich;Nikolay Gennadiyevich Basov;Basov, N. G.;Nikolay G. Basov;Basov, Nikolay;N. G. Basov;Basov, Nikolay G.;Nikolay Basov
Antoine Henri Becquerel;A. H. Becquerel;Becquerel, Antoine H.;Becquerel, Antoine Henri;Antoine Henri Becquerel;Becquerel, A. H.;Becquerel, Antoine;Antoine H. Becquerel;Antoine Becquerel
Johannes Georg Bednorz;Bednorz, Johannes G.;Bednorz, J. G.;J. G. Bednorz;Johannes Bednorz;Bednorz, Johannes Georg;Johannes G. Bednorz;Johannes Georg Bednorz;Bednorz, Johannes
Hans Albrecht Bethe;Bethe, H. A.;Hans Albrecht Bethe;Hans A. Bethe;Bethe, Hans A.;Bethe, Hans Albrecht;Hans Bethe;Bethe, Hans;H. A. Bethe
Gerd Binnig;Binnig, Gerd;Gerd Binnig;G. Binnig;Binnig, G.
Lord Patrick Maynard Stuart Blackett;Lord Patrick Maynard Blackett;Blackett, Patrick Maynard S.;Blackett, Patrick Maynard Stuart;Blackett, Patrick M. S.;Patrick M. Blackett;Blackett, Patrick;Blackett, Patrick Maynard;Blackett, P. M. S.;Lord P. M. S. Blackett;Blackett, Lord P. M. S.;Patrick M. S. Blackett;Patrick Maynard Blackett;Blackett, Lord Patrick Maynard;Blackett, Lord Patrick Maynard S.;Patrick Blackett;Patrick Maynard Stuart Blackett;Lord Patrick Maynard Stuart Blackett;Blackett, Lord Patrick Maynard Stuart;Patrick Maynard S. Blackett;Lord Patrick M. Blackett;Blackett, Patrick M.;Blackett, Lord Patrick M.;Lord Patrick Blackett;Blackett, Lord Patrick M. S.;P. M. S. Blackett;Blackett, Lord Patrick;Lord Patrick M. S. Blackett;Lord Patrick Maynard S. Blackett
Felix Bloch;Bloch, F.;Felix Bloch;Bloch, Felix;F. Bloch
Nicolaas Bloembergen;Nicolaas Bloembergen;Bloembergen, Nicolaas;Bloembergen, N.;N. Bloembergen
Aage Bohr;A. Bohr;Bohr, Aage;Bohr, A.;Aage Bohr
Niels Henrik David Bohr;Niels Henrik D. Bohr;Bohr, Niels;Niels Bohr;Bohr, Niels Henrik D.;Bohr, Niels Henrik;Bohr, Niels H.;Niels Henrik David Bohr;Niels H. Bohr;Bohr, N. H. D.;Niels Henrik Bohr;Bohr, Niels Henrik David;N. H. D. Bohr;Niels H. D. Bohr;Bohr, Niels H. D.
Max Born;Born, M.;M. Born;Born, Max;Max Born
Walther Wilhelm Georg Bothe;Walther Bothe;Bothe, Walther W. G.;Walther Wilhelm Bothe;Bothe, Walther;Bothe, Walther Wilhelm;Walther W. G. Bothe;Bothe, Walther W.;Walther Wilhelm Georg Bothe;Bothe, Walther Wilhelm G.;Bothe, Walther Wilhelm Georg;W. W. G. Bothe;Bothe, W. W. G.;Walther W. Bothe;Walther Wilhelm G. Bothe
Willard Sterling Boyle;Boyle, Willard Sterling;Boyle, W. S.;Boyle, Willard;Willard Sterling Boyle;Boyle, Willard S.;Willard S. Boyle;W. S. Boyle;Willard Boyle
Sir William Henry Bragg;Bragg, Sir William Henry;Sir William Bragg;W. H. Bragg;William Henry Bragg;Bragg, William;Bragg, Sir William H.;Sir William Henry Bragg;Sir W. H. Bragg;Bragg, William H.;Sir William H. Bragg;Bragg, Sir W. H.;William Bragg;Bragg, W. H.;William H. Bragg;Bragg, Sir William;Bragg, William Henry
Sir William Lawrence Bragg;Sir William Lawrence Bragg;Sir William Bragg;Bragg, William L.;William L. Bragg;Bragg, Sir William Lawrence;Bragg, William Lawrence;Sir William L. Bragg;William Lawrence Bragg;Bragg, William;W. L. Bragg;Bragg, Sir William L.;William Bragg;Bragg, Sir William;Bragg, Sir W. L.;Bragg, W. L.;Sir W. L. Bragg
Walter Houser Brattain;Walter Houser Brattain;Brattain, Walter H.;Walter H. Brattain;W. H. Brattain;Brattain, Walter;Brattain, W. H.;Brattain, Walter Houser;Walter Brattain
Carl Ferdinand Braun;Braun, Carl Ferdinand;Braun, Carl F.;Braun, C. F.;Carl Braun;Braun, Carl;C. F. Braun;Carl Ferdinand Braun;Carl F. Braun
Percy Williams Bridgman;Bridgman, P. W.;Bridgman, Percy W.;Bridgman, Percy Williams;Percy Bridgman;Percy W. Bridgman;P. W. Bridgman;Percy Williams Bridgman;Bridgman, Percy
Bertram Neville Brockhouse;Brockhouse, Bertram N.;Brockhouse, B. N.;Brockhouse, Bertram Neville;B. N. Brockhouse;Bertram Brockhouse;Brockhouse, Bertram;Bertram N. Brockhouse;Bertram Neville Brockhouse
Sir James Chadwick;James Chadwick;Sir James Chadwick;Chadwick, James;Sir J. Chadwick;Chadwick, J.;Chadwick, Sir J.;Chadwick, Sir James;J. Chadwick
Owen Chamberlain;Chamberlain, O.;O. Chamberlain;Chamberlain, Owen;Owen Chamberlain
Subrahmanyan Chandrasekhar;Subrahmanyan Chandrasekhar;Chandrasekhar, Subrahmanyan;Chandrasekhar, S.;S. Chandrasekhar
Georges Charpak;Charpak, Georges;G. Charpak;Charpak, G.;Georges Charpak
Pavel Alekseyevich Cherenkov;P. A. Cherenkov;Cherenkov, Pavel Alekseyevich;Cherenkov, Pavel;Pavel Cherenkov;Cherenkov, Pavel A.;Cherenkov, P. A.;Pavel A. Cherenkov;Pavel Alekseyevich Cherenkov
Steven Chu;Chu, Steven;S. Chu;Steven Chu;Chu, S.
Sir John Douglas Cockcroft;John D. Cockcroft;Sir J. D. Cockcroft;Sir John Douglas Cockcroft;Cockcroft, Sir J. D.;Cockcroft, Sir John D.;J. D. Cockcroft;Cockcroft, J. D.;John Douglas Cockcroft;Cockcroft, John;Cockcroft, Sir John Douglas;Cockcroft, John D.;Cockcroft, John Douglas;Cockcroft, Sir John;Sir John D. Cockcroft;Sir John Cockcroft;John Cockcroft
Claude Cohen-Tannoudji;Cohen-Tannoudji, Claude;C. Cohen-Tannoudji;Cohen-Tannoudji, C.;Claude Cohen-Tannoudji
Arthur Holly Compton;Arthur Compton;Arthur Holly Compton;Compton, Arthur H.;Compton, Arthur;Compton, Arthur Holly;A. H. Compton;Compton, A. H.;Arthur H. Compton
Leon Neil Cooper;Cooper, L. N.;Cooper, Leon Neil;Leon Neil Cooper;Cooper, Leon N.;Cooper, Leon;L. N. Cooper;Leon N. Cooper;Leon Cooper
Eric Allin Cornell;Cornell, E. A.;Cornell, Eric Allin;Eric A. Cornell;Cornell, Eric A.;Cornell, Eric;E. A. Cornell;Eric Allin Cornell;Eric Cornell
James Watson Cronin;James Cronin;James Watson Cronin;Cronin, James Watson;Cronin, J. W.;James W. Cronin;J. W. Cronin;Cronin, James;Cronin, James W.
Marie Curie;Curie, Marie;Marie Curie;Curie, M.;M. Curie
Pierre Curie;P. Curie;Curie, P.;Curie, Pierre;Pierre Curie
Nils Gustaf Dalen;Nils Gustaf Dalen;Dalen, Nils Gustaf;Dalen, Nils;Dalen, Nils G.;N. G. Dalen;Nils G. Dalen;Dalen, N. G.;Nils Dalen
Raymond Davis Junior;Davis, Raymond Jr.;Raymond Davis Jr.;Davis, Raymond Junior;Davis, R. Junior;R. Davis Jr.;R. Davis Junior;Davis, R. Jr.;Raymond Davis Junior
Clinton Joseph Davisson;Davisson, Clinton;Davisson, Clinton Joseph;Clinton Davisson;Clinton J. Davisson;Clinton Joseph Davisson;Davisson, C. J.;Davisson, Clinton J.;C. J. Davisson
Prince Louis Victor De Broglie;Prince L. De Broglie;Prince L. V. De Broglie;De Broglie, Prince Louis V.;Prince De Broglie;De Broglie, Prince;De Broglie, P. L. V.;Prince Louis V. De Broglie;Prince Louis Victor De Broglie;De Broglie, Prince L. V.;De Broglie, Prince Louis;Prince Louis De Broglie;De Broglie, Prince Louis Victor;De Broglie, Prince L.;P. L. V. De Broglie
Pierre-Gilles De Gennes;Pierre-Gilles De Gennes;De Gennes, P.;De Gennes, Pierre-Gilles;P. De Gennes
Hans Georg Dehmelt;Dehmelt, Hans Georg;Dehmelt, Hans G.;H. G. Dehmelt;Dehmelt, H. G.;Dehmelt, Hans;Hans G. Dehmelt;Hans Georg Dehmelt;Hans Dehmelt
Paul Adrien Maurice Dirac;Dirac, Paul Adrien;P. A. M. Dirac;Dirac, Paul Adrien Maurice;Paul A. Dirac;Paul Adrien Maurice Dirac;Paul Adrien Dirac;Dirac, Paul A. M.;Dirac, Paul Adrien M.;Dirac, Paul A.;Dirac, P. A. M.;Paul A. M. Dirac;Paul Adrien M. Dirac;Dirac, Paul;Paul Dirac
Albert Einstein;Einstein, A.;A. Einstein;Einstein, Albert;Albert Einstein
Leo Esaki;Leo Esaki;Esaki, Leo;L. Esaki;Esaki, L.
Enrico Fermi;Enrico Fermi;Fermi, E.;Fermi, Enrico;E. Fermi
Albert Fert;Albert Fert;Fert, A.;Fert, Albert;A. Fert
Richard Phillips Feynman;Feynman, Richard P.;Feynman, Richard Phillips;Richard P. Feynman;Richard Phillips Feynman;Richard Feynman;Feynman, Richard;Feynman, R. P.;R. P. Feynman
Val Logsdon Fitch;Fitch, Val Logsdon;Fitch, Val;Fitch, Val L.;V. L. Fitch;Fitch, V. L.;Val L. Fitch;Val Fitch;Val Logsdon Fitch
William Alfred Fowler;Fowler, W. A.;William Alfred Fowler;William Fowler;Fowler, William Alfred;W. A. Fowler;Fowler, William A.;Fowler, William;William A. Fowler
James Franck;James Franck;J. Franck;Franck, J.;Franck, James
Ilya Mikhailovich Frank;Ilya Frank;Frank, Ilya M.;Frank, Ilya;Ilya M. Frank;Ilya Mikhailovich Frank;Frank, I. M.;Frank, Ilya Mikhailovich;I. M. Frank
Jerome Isaac Friedman;Friedman, Jerome;Friedman, J. I.;Jerome Friedman;Friedman, Jerome I.;Jerome Isaac Friedman;Friedman, Jerome Isaac;J. I. Friedman;Jerome I. Friedman
Dennis Gabor;Dennis Gabor;Gabor, Dennis;D. Gabor;Gabor, D.
Murray Gell-Mann;Gell-Mann, Murray;M. Gell-Mann;Gell-Mann, M.;Murray Gell-Mann
Riccardo Giacconi;Giacconi, R.;Giacconi, Riccardo;Riccardo Giacconi;R. Giacconi
Vitaly Lazarevich Ginzburg;Ginzburg, Vitaly Lazarevich;Ginzburg, V. L.;Ginzburg, Vitaly;V. L. Ginzburg;Ginzburg, Vitaly L.;Vitaly Lazarevich Ginzburg;Vitaly L. Ginzburg;Vitaly Ginzburg
Ivar Giaever;I. Giaever;Giaever, I.;Ivar Giaever;Giaever, Ivar
Donald Arthur Glaser;Donald Glaser;D. A. Glaser;Donald Arthur Glaser;Donald A. Glaser;Glaser, Donald Arthur;Glaser, Donald;Glaser, D. A.;Glaser, Donald A.
Sheldon Lee Glashow;Sheldon Lee Glashow;Glashow, S. L.;Glashow, Sheldon;Glashow, Sheldon Lee;Sheldon L. Glashow;Glashow, Sheldon L.;S. L. Glashow;Sheldon Glashow
Roy Jay Glauber;Glauber, Roy Jay;Roy Jay Glauber;R. J. Glauber;Roy J. Glauber;Glauber, Roy;Roy Glauber;Glauber, R. J.;Glauber, Roy J.
Maria Goeppert-Mayer;Goeppert-Mayer, Maria;Goeppert-Mayer, M.;Maria Goeppert-Mayer;M. Goeppert-Mayer
David Gross;Gross, David;D. Gross;David Gross;Gross, D.
Peter Andreas Grünberg;Peter Andreas Grünberg;Grünberg, Peter;Peter A. Grünberg;Peter Grünberg;P. A. Grünberg;Grünberg, Peter A.;Grünberg, P. A.;Grünberg, Peter Andreas
Charles Edouard Guillaume;Charles E. Guillaume;Charles Edouard Guillaume;Guillaume, Charles Edouard;C. E. Guillaume;Guillaume, C. E.;Guillaume, Charles E.;Guillaume, Charles;Charles Guillaume
John Lewis Hall;John L. Hall;Hall, John Lewis;J. L. Hall;John Hall;Hall, J. L.;Hall, John;John Lewis Hall;Hall, John L.
Theodor Wolfgang Hänsch;Hänsch, T. W.;Hänsch, Theodor W.;Theodor Wolfgang Hänsch;Hänsch, Theodor Wolfgang;Theodor Hänsch;T. W. Hänsch;Hänsch, Theodor;Theodor W. Hänsch
Werner Heisenberg;Heisenberg, W.;Werner Heisenberg;Heisenberg, Werner;W. Heisenberg
Gustav Ludwig Hertz;Gustav L. Hertz;Gustav Hertz;Gustav Ludwig Hertz;G. L. Hertz;Hertz, Gustav Ludwig;Hertz, Gustav;Hertz, G. L.;Hertz, Gustav L.
Victor Franz Hess;Victor Hess;Hess, Victor F.;Hess, V. F.;Hess, Victor Franz;Hess, Victor;V. F. Hess;Victor Franz Hess;Victor F. Hess
Antony Hewish;Hewish, A.;Antony Hewish;Hewish, Antony;A. Hewish
Robert Hofstadter;Hofstadter, Robert;Robert Hofstadter;Hofstadter, R.;R. Hofstadter
Gerardus 't Hooft;Hooft, Gerardus '.;Gerardus Hooft;Gerardus '. Hooft;Gerardus 't Hooft;G. '. Hooft;Hooft, Gerardus;Hooft, G. '.;Hooft, Gerardus 't
Russell Alan Hulse;R. A. Hulse;Hulse, Russell;Russell A. Hulse;Hulse, Russell A.;Russell Hulse;Hulse, Russell Alan;Russell Alan Hulse;Hulse, R. A.
Johannes Hans Daniel Jensen;Johannes Hans Daniel Jensen;Jensen, Johannes Hans D.;Jensen, Johannes H.;Johannes Hans Jensen;J. H. D. Jensen;Jensen, Johannes Hans;Jensen, Johannes;Johannes Jensen;Johannes H. Jensen;Jensen, Johannes Hans Daniel;Johannes H. D. Jensen;Jensen, Johannes H. D.;Jensen, J. H. D.;Johannes Hans D. Jensen
Brian David Josephson;B. D. Josephson;Brian D. Josephson;Brian David Josephson;Josephson, B. D.;Josephson, Brian David;Josephson, Brian D.;Josephson, Brian;Brian Josephson
Heike Kamerlingh Onnes;Onnes, Heike Kamerlingh;Onnes, Heike K.;Onnes, H. K.;Heike Kamerlingh Onnes;Heike K. Onnes;Onnes, Heike;H. K. Onnes;Heike Onnes
Charles Kuen Kao;Kao, Charles;Charles K. Kao;Kao, C. K.;Charles Kao;Kao, Charles K.;Kao, Charles Kuen;Charles Kuen Kao;C. K. Kao
Pyotr Leonidovich Kapitsa;Kapitsa, Pyotr Leonidovich;Kapitsa, P. L.;P. L. Kapitsa;Pyotr Leonidovich Kapitsa;Kapitsa, Pyotr;Pyotr Kapitsa;Kapitsa, Pyotr L.;Pyotr L. Kapitsa
Alfred Kastler;Alfred Kastler;Kastler, A.;Kastler, Alfred;A. Kastler
Henry Way Kendall;Kendall, Henry Way;Henry W. Kendall;Kendall, Henry W.;Henry Kendall;Kendall, H. W.;H. W. Kendall;Henry Way Kendall;Kendall, Henry
Wolfgang Ketterle;W. Ketterle;Ketterle, W.;Ketterle, Wolfgang;Wolfgang Ketterle
Jack Saint Clair Kilby;Kilby, J. S. C.;Kilby, Jack Saint;Jack Saint Clair Kilby;Kilby, Jack Saint Clair;Jack S. Kilby;Kilby, Jack S.;Jack S. C. Kilby;J. S. C. Kilby;Jack Saint Kilby;Kilby, Jack S. C.;Jack Kilby;Jack Saint C. Kilby;Kilby, Jack;Kilby, Jack Saint C.
Klaus Von Klitzing;Klaus Von Klitzing;Von Klitzing, K.;Von Klitzing, Klaus;K. Von Klitzing
Makoto Kobayashi;M. Kobayashi;Kobayashi, Makoto;Makoto Kobayashi;Kobayashi, M.
Masatoshi Koshiba;Koshiba, M.;Masatoshi Koshiba;Koshiba, Masatoshi;M. Koshiba
Herbert Kroemer;Kroemer, Herbert;H. Kroemer;Herbert Kroemer;Kroemer, H.
Polykarp Kusch;Kusch, Polykarp;P. Kusch;Polykarp Kusch;Kusch, P.
Willis Eugene Lamb Junior;Willis E. Lamb Jr.;Lamb, Willis Eugene Junior;Lamb, Willis E. Junior;W. E. Lamb Jr.;Lamb, Willis Eugene Jr.;Willis Lamb Jr.;Lamb, Willis E. Jr.;Willis Lamb Junior;W. E. Lamb Junior;Willis Eugene Lamb Junior;Lamb, Willis Junior;Lamb, Willis Jr.;Willis E. Lamb Junior;Lamb, W. E. Jr.;Lamb, W. E. Junior;Willis Eugene Lamb Jr.
Lev Davidovich Landau;Lev Davidovich Landau;Landau, Lev D.;Landau, Lev;L. D. Landau;Lev Landau;Lev D. Landau;Landau, L. D.;Landau, Lev Davidovich
Max Theodor Felix Von Laue;Max Theodor Felix Von Laue;Von Laue, Max;Max Theodor Von Laue;Von Laue, Max Theodor F.;Von Laue, Max Theodor Felix;Max Theodor F. Von Laue;Max T. F. Von Laue;Max T. Von Laue;Von Laue, M. T. F.;M. T. F. Von Laue;Von Laue, Max Theodor;Von Laue, Max T. F.;Max Von Laue;Von Laue, Max T.
Robert Betts Laughlin;Robert Laughlin;Laughlin, Robert B.;Laughlin, R. B.;Robert B. Laughlin;Laughlin, Robert;Robert Betts Laughlin;Laughlin, Robert Betts;R. B. Laughlin
Ernest Orlando Lawrence;Ernest O. Lawrence;Ernest Orlando Lawrence;Lawrence, Ernest;Lawrence, Ernest Orlando;Lawrence, E. O.;Ernest Lawrence;E. O. Lawrence;Lawrence, Ernest O.
Leon Max Lederman;Leon Max Lederman;Lederman, Leon Max;Lederman, Leon M.;Lederman, L. M.;Lederman, Leon;Leon M. Lederman;L. M. Lederman;Leon Lederman
David Morris Lee;Lee, David M.;Lee, David Morris;D. M. Lee;David M. Lee;David Morris Lee;Lee, D. M.;Lee, David;David Lee
Tsung-Dao Lee;Tsung-Dao Lee;Lee, T.;T. Lee;Lee, Tsung-Dao
Anthony James Leggett;Anthony Leggett;Anthony J. Leggett;Leggett, Anthony J.;Leggett, Anthony;Leggett, A. J.;A. J. Leggett;Leggett, Anthony James;Anthony James Leggett
Philipp Eduard Anton Lenard;Lenard, Philipp Eduard Anton;Philipp Eduard Anton Lenard;Philipp Eduard Lenard;Philipp Lenard;Lenard, Philipp Eduard A.;Lenard, Philipp Eduard;Lenard, P. E. A.;Philipp Eduard A. Lenard;Lenard, Philipp E. A.;Philipp E. Lenard;Lenard, Philipp E.;Lenard, Philipp;Philipp E. A. Lenard;P. E. A. Lenard
Gabriel Lippmann;Lippmann, Gabriel;Gabriel Lippmann;G. Lippmann;Lippmann, G.
Hendrik Antoon Lorentz;Hendrik A. Lorentz;Lorentz, Hendrik;Lorentz, Hendrik Antoon;Hendrik Lorentz;Lorentz, H. A.;Hendrik Antoon Lorentz;Lorentz, Hendrik A.;H. A. Lorentz
Guglielmo Marconi;G. Marconi;Guglielmo Marconi;Marconi, Guglielmo;Marconi, G.
Toshihide Maskawa;T. Maskawa;Toshihide Maskawa;Maskawa, Toshihide;Maskawa, T.
John Cromwell Mather;John Cromwell Mather;J. C. Mather;John C. Mather;Mather, J. C.;John Mather;Mather, John Cromwell;Mather, John C.;Mather, John
Simon Van Der Meer;S. Van Der Meer;Van Der Meer, Simon;Simon Van Der Meer;Van Der Meer, S.
Albert Abraham Michelson;Albert Abraham Michelson;Michelson, Albert;Albert Michelson;Michelson, Albert A.;Michelson, Albert Abraham;Michelson, A. A.;Albert A. Michelson;A. A. Michelson
Robert Andrews Millikan;Robert Andrews Millikan;Robert Millikan;Millikan, R. A.;Millikan, Robert A.;Millikan, Robert Andrews;Robert A. Millikan;Millikan, Robert;R. A. Millikan
Rudolf Ludwig Mössbauer;Rudolf Ludwig Mössbauer;Mössbauer, Rudolf L.;Rudolf L. Mössbauer;Mössbauer, Rudolf Ludwig;Mössbauer, Rudolf;Mössbauer, R. L.;R. L. Mössbauer;Rudolf Mössbauer
Sir Nevill Francis Mott;N. F. Mott;Mott, Sir N. F.;Sir Nevill Francis Mott;Sir Nevill F. Mott;Mott, Nevill F.;Mott, Nevill;Mott, Nevill Francis;Mott, Sir Nevill Francis;Sir Nevill Mott;Mott, Sir Nevill F.;Sir N. F. Mott;Nevill Francis Mott;Nevill Mott;Mott, N. F.;Nevill F. Mott;Mott, Sir Nevill
Ben Roy Mottelson;Ben R. Mottelson;Mottelson, Ben Roy;Ben Roy Mottelson;B. R. Mottelson;Mottelson, Ben R.;Mottelson, Ben;Ben Mottelson;Mottelson, B. R.
Karl Alexander Muller;Muller, Karl;Karl Alexander Muller;K. A. Muller;Karl A. Muller;Muller, Karl A.;Karl Muller;Muller, Karl Alexander;Muller, K. A.
Yoichiro Nambu;Nambu, Y.;Nambu, Yoichiro;Y. Nambu;Yoichiro Nambu
Louis Eugene Felix Neel;Neel, Louis Eugene F.;Louis E. Neel;Neel, Louis;Louis Neel;L. E. F. Neel;Louis Eugene F. Neel;Louis E. F. Neel;Neel, Louis E. F.;Louis Eugene Neel;Neel, L. E. F.;Neel, Louis E.;Louis Eugene Felix Neel;Neel, Louis Eugene;Neel, Louis Eugene Felix
Douglas Dean Osheroff;Douglas Dean Osheroff;D. D. Osheroff;Osheroff, D. D.;Douglas D. Osheroff;Osheroff, Douglas D.;Douglas Osheroff;Osheroff, Douglas Dean;Osheroff, Douglas
Wolfgang Paul;Paul, W.;W. Paul;Wolfgang Paul;Paul, Wolfgang
Wolfgang Pauli;Wolfgang Pauli;Pauli, W.;Pauli, Wolfgang;W. Pauli
Arno Allan Penzias;Penzias, Arno Allan;Arno Penzias;Arno Allan Penzias;A. A. Penzias;Penzias, Arno;Penzias, A. A.;Penzias, Arno A.;Arno A. Penzias
Martin Lewis Perl;M. L. Perl;Martin Perl;Martin L. Perl;Perl, M. L.;Perl, Martin Lewis;Perl, Martin;Perl, Martin L.;Martin Lewis Perl
Jean Baptiste Perrin;Jean B. Perrin;J. B. Perrin;Perrin, Jean Baptiste;Jean Perrin;Perrin, J. B.;Perrin, Jean;Perrin, Jean B.;Jean Baptiste Perrin
William Daniel Phillips;Phillips, William Daniel;W. D. Phillips;Phillips, W. D.;Phillips, William;William Phillips;William D. Phillips;William Daniel Phillips;Phillips, William D.
Max Karl Ernst Ludwig Planck;Max Planck;Max K. E. Planck;M. K. E. L. Planck;Planck, Max K. E.;Max K. E. L. Planck;Planck, Max Karl;Max Karl Ernst L. Planck;Max Karl E. Planck;Planck, Max Karl Ernst L.;Planck, M. K. E. L.;Planck, Max Karl E.;Planck, Max K. E. L.;Max Karl Ernst Planck;Max Karl Ernst Ludwig Planck;Max Karl Planck;Planck, Max K.;Planck, Max Karl Ernst;Max K. Planck;Planck, Max
Hugh David Politzer;Politzer, Hugh D.;H. D. Politzer;Hugh Politzer;Politzer, H. D.;Politzer, Hugh;Hugh D. Politzer;Hugh David Politzer;Politzer, Hugh David
Cecil Frank Powell;Powell, Cecil Frank;Powell, Cecil F.;Cecil Frank Powell;C. F. Powell;Cecil F. Powell;Cecil Powell;Powell, Cecil;Powell, C. F.
Aleksandr Mikhailovich Prokhorov;Aleksandr Prokhorov;Aleksandr Mikhailovich Prokhorov;Prokhorov, Aleksandr;Prokhorov, Aleksandr M.;Prokhorov, Aleksandr Mikhailovich;A. M. Prokhorov;Aleksandr M. Prokhorov;Prokhorov, A. M.
Edward Mills Purcell;Edward Purcell;E. M. Purcell;Purcell, E. M.;Edward Mills Purcell;Purcell, Edward M.;Edward M. Purcell;Purcell, Edward Mills;Purcell, Edward
Isidor Isaac Rabi;Rabi, Isidor;Rabi, Isidor I.;Isidor I. Rabi;Isidor Rabi;Rabi, Isidor Isaac;Rabi, I. I.;Isidor Isaac Rabi;I. I. Rabi
James Rainwater;J. Rainwater;Rainwater, James;James Rainwater;Rainwater, J.
Sir Chandrasekhara Venkata Raman;Sir Chandrasekhara Raman;C. V. Raman;Sir Chandrasekhara V. Raman;Raman, Sir C. V.;Chandrasekhara Venkata Raman;Raman, Chandrasekhara Venkata;Sir Chandrasekhara Venkata Raman;Raman, Sir Chandrasekhara Venkata;Raman, Chandrasekhara V.;Raman, Sir Chandrasekhara V.;Raman, C. V.;Chandrasekhara V. Raman;Raman, Sir Chandrasekhara;Sir C. V. Raman;Chandrasekhara Raman;Raman, Chandrasekhara
Norman Foster Ramsey;Norman Foster Ramsey;Ramsey, Norman Foster;Ramsey, N. F.;Ramsey, Norman F.;N. F. Ramsey;Norman F. Ramsey;Norman Ramsey;Ramsey, Norman
Lord John William Strutt Rayleigh;Rayleigh, Lord John W. S.;John William Strutt Rayleigh;Rayleigh, John W. S.;Lord John William S. Rayleigh;Rayleigh, Lord John W.;Rayleigh, John William;J. W. S. Rayleigh;John W. Rayleigh;Lord John W. Rayleigh;Lord John William Strutt Rayleigh;Lord J. W. S. Rayleigh;Rayleigh, John William Strutt;Rayleigh, Lord John;Rayleigh, John William S.;Rayleigh, Lord J. W. S.;Rayleigh, John;Rayleigh, J. W. S.;Lord John W. S. Rayleigh;John William S. Rayleigh;Rayleigh, Lord John William S.;Rayleigh, John W.;John Rayleigh;John W. S. Rayleigh;Rayleigh, Lord John William Strutt;Lord John Rayleigh;Rayleigh, Lord John William;John William Rayleigh;Lord John William Rayleigh
Frederick Reines;F. Reines;Frederick Reines;Reines, Frederick;Reines, F.
Robert Coleman Richardson;Richardson, R. C.;Richardson, Robert C.;R. C. Richardson;Richardson, Robert Coleman;Richardson, Robert;Robert C. Richardson;Robert Coleman Richardson;Robert Richardson
Sir Owen Willans Richardson;Owen W. Richardson;Sir Owen W. Richardson;Richardson, O. W.;Owen Willans Richardson;Sir Owen Richardson;Richardson, Owen Willans;Sir Owen Willans Richardson;Richardson, Owen W.;Richardson, Sir Owen;O. W. Richardson;Richardson, Sir O. W.;Owen Richardson;Richardson, Sir Owen W.;Sir O. W. Richardson;Richardson, Sir Owen Willans;Richardson, Owen
Burton Richter;Richter, B.;Richter, Burton;B. Richter;Burton Richter
Wilhelm Conrad Roentgen;Wilhelm Conrad Roentgen;Roentgen, W. C.;Roentgen, Wilhelm Conrad;W. C. Roentgen;Wilhelm C. Roentgen;Roentgen, Wilhelm C.;Wilhelm Roentgen;Roentgen, Wilhelm
Heinrich Rohrer;H. Rohrer;Heinrich Rohrer;Rohrer, H.;Rohrer, Heinrich
Carlo Rubbia;C. Rubbia;Rubbia, C.;Rubbia, Carlo;Carlo Rubbia
Ernst Ruska;Ruska, E.;Ruska, Ernst;E. Ruska;Ernst Ruska
Sir Martin Ryle;Ryle, M.;Ryle, Martin;Ryle, Sir Martin;Martin Ryle;Sir M. Ryle;Ryle, Sir M.;M. Ryle;Sir Martin Ryle
Abdus Salam;Salam, A.;Abdus Salam;A. Salam;Salam, Abdus
Arthur Leonard Schawlow;Schawlow, Arthur L.;Arthur L. Schawlow;Arthur Schawlow;A. L. Schawlow;Schawlow, A. L.;Arthur Leonard Schawlow;Schawlow, Arthur Leonard;Schawlow, Arthur
John Robert Schrieffer;Schrieffer, John Robert;John Schrieffer;Schrieffer, J. R.;Schrieffer, John;Schrieffer, John R.;John Robert Schrieffer;John R. Schrieffer;J. R. Schrieffer
Erwin Schroedinger;Schroedinger, Erwin;E. Schroedinger;Schroedinger, E.;Erwin Schroedinger
Melvin Schwartz;M. Schwartz;Schwartz, M.;Schwartz, Melvin;Melvin Schwartz
Julian Seymour Schwinger;Julian Schwinger;Julian S. Schwinger;Schwinger, Julian S.;J. S. Schwinger;Schwinger, Julian;Julian Seymour Schwinger;Schwinger, J. S.;Schwinger, Julian Seymour
Emilio Gino Segre;Segre, Emilio Gino;Emilio G. Segre;Emilio Segre;E. G. Segre;Emilio Gino Segre;Segre, Emilio G.;Segre, Emilio;Segre, E. G.
William Bradford Shockley;William Shockley;Shockley, William Bradford;William Bradford Shockley;W. B. Shockley;Shockley, William;Shockley, William B.;William B. Shockley;Shockley, W. B.
Clifford Glenwood Shull;Clifford G. Shull;Shull, Clifford Glenwood;Shull, Clifford G.;Shull, C. G.;C. G. Shull;Clifford Shull;Shull, Clifford;Clifford Glenwood Shull
Kai Manne Borje Siegbahn;Kai Manne B. Siegbahn;Siegbahn, Kai M.;Kai M. B. Siegbahn;K. M. B. Siegbahn;Kai Manne Siegbahn;Siegbahn, Kai;Kai M. Siegbahn;Siegbahn, K. M. B.;Kai Siegbahn;Siegbahn, Kai Manne Borje;Siegbahn, Kai Manne;Siegbahn, Kai M. B.;Kai Manne Borje Siegbahn;Siegbahn, Kai Manne B.
Karl Manne Georg Siegbahn;Siegbahn, K. M. G.;Karl Manne Georg Siegbahn;Karl Manne Siegbahn;Karl Manne G. Siegbahn;Siegbahn, Karl;Siegbahn, Karl Manne G.;K. M. G. Siegbahn;Siegbahn, Karl Manne;Karl M. Siegbahn;Karl M. G. Siegbahn;Siegbahn, Karl Manne Georg;Siegbahn, Karl M. G.;Karl Siegbahn;Siegbahn, Karl M.
George Elwood Smith;Smith, G. E.;George Elwood Smith;Smith, George E.;George E. Smith;G. E. Smith;George Smith;Smith, George Elwood;Smith, George
George Fitzgerald Smoot;Smoot, George F.;George Fitzgerald Smoot;George Smoot;G. F. Smoot;George F. Smoot;Smoot, George;Smoot, G. F.;Smoot, George Fitzgerald
Johannes Stark;Stark, J.;Johannes Stark;Stark, Johannes;J. Stark
Jack Steinberger;Steinberger, J.;Jack Steinberger;Steinberger, Jack;J. Steinberger
Otto Stern;Stern, Otto;O. Stern;Stern, O.;Otto Stern
Horst Störmer;Störmer, Horst;Horst Störmer;Störmer, H.;H. Störmer
Igor Yevgenyevich Tamm;Igor Tamm;Igor Y. Tamm;Tamm, I. Y.;Tamm, Igor Yevgenyevich;Tamm, Igor;Tamm, Igor Y.;Igor Yevgenyevich Tamm;I. Y. Tamm
Joseph Hooton Taylor Junior;Joseph H. Taylor Junior;J. H. Taylor Jr.;Taylor, Joseph Hooton Junior;Taylor, Joseph H. Junior;Taylor, Joseph Hooton Jr.;Taylor, Joseph H. Jr.;Joseph Hooton Taylor Junior;Joseph Hooton Taylor Jr.;Taylor, Joseph Junior;Taylor, J. H. Junior;Joseph Taylor Jr.;Taylor, Joseph Jr.;Joseph Taylor Junior;J. H. Taylor Junior;Joseph H. Taylor Jr.;Taylor, J. H. Jr.
Richard Edward Taylor;Richard Edward Taylor;Taylor, Richard Edward;R. E. Taylor;Taylor, Richard;Taylor, Richard E.;Richard E. Taylor;Taylor, R. E.;Richard Taylor
Sir George Paget Thomson;Thomson, George Paget;Thomson, George;Thomson, Sir George;Thomson, Sir G. P.;George Paget Thomson;Sir G. P. Thomson;George P. Thomson;Sir George P. Thomson;Thomson, Sir George P.;George Thomson;Thomson, G. P.;Sir George Paget Thomson;Sir George Thomson;G. P. Thomson;Thomson, George P.;Thomson, Sir George Paget
Sir Joseph John Thomson;Thomson, Joseph J.;Thomson, Joseph John;Sir Joseph J. Thomson;Sir Joseph Thomson;Joseph John Thomson;Thomson, Sir J. J.;Sir J. J. Thomson;Thomson, Sir Joseph J.;Joseph J. Thomson;Thomson, Joseph;J. J. Thomson;Thomson, J. J.;Joseph Thomson;Thomson, Sir Joseph;Sir Joseph John Thomson;Thomson, Sir Joseph John
Samuel Chao Chung Ting;Ting, Samuel;Ting, Samuel C.;Ting, Samuel C. C.;Samuel Ting;Ting, S. C. C.;Samuel Chao C. Ting;Ting, Samuel Chao Chung;Ting, Samuel Chao;Ting, Samuel Chao C.;Samuel Chao Ting;Samuel Chao Chung Ting;Samuel C. Ting;Samuel C. C. Ting;S. C. C. Ting
Tomonaga Sin-Itiro;Sin-Itiro, T.;Tomonaga Sin-Itiro;Sin-Itiro, Tomonaga;T. Sin-Itiro
Charles Hard Townes;Townes, Charles Hard;Townes, Charles H.;Townes, C. H.;Charles Townes;C. H. Townes;Charles H. Townes;Townes, Charles;Charles Hard Townes
Daniel Chee Tsui;Tsui, Daniel C.;Tsui, Daniel Chee;Daniel Chee Tsui;Tsui, D. C.;Tsui, Daniel;D. C. Tsui;Daniel C. Tsui;Daniel Tsui
Johannes Diderik Van Der Waals;Van Der Waals, Johannes;J. D. Van Der Waals;Johannes D. Van Der Waals;Van Der Waals, Johannes D.;Van Der Waals, Johannes Diderik;Johannes Van Der Waals;Van Der Waals, J. D.;Johannes Diderik Van Der Waals
Martinus Justinus Godefriedus Veltman;Veltman, Martinus Justinus Godefriedus;Veltman, Martinus J.;Martinus Justinus G. Veltman;Veltman, Martinus Justinus;Veltman, Martinus Justinus G.;Martinus Justinus Godefriedus Veltman;Martinus Veltman;Veltman, Martinus;Martinus J. G. Veltman;M. J. G. Veltman;Veltman, M. J. G.;Veltman, Martinus J. G.;Martinus Justinus Veltman;Martinus J. Veltman
John Hasbrouck Van Vleck;John Van Vleck;John H. Van Vleck;Van Vleck, J. H.;J. H. Van Vleck;Van Vleck, John H.;Van Vleck, John;Van Vleck, John Hasbrouck;John Hasbrouck Van Vleck
Ernest Thomas Sinton Walton;Ernest Thomas Walton;Ernest Thomas S. Walton;Walton, Ernest Thomas S.;Walton, Ernest T.;Ernest Thomas Sinton Walton;E. T. S. Walton;Ernest T. S. Walton;Walton, Ernest;Ernest T. Walton;Walton, Ernest Thomas;Walton, Ernest T. S.;Walton, E. T. S.;Ernest Walton;Walton, Ernest Thomas Sinton
Steven Weinberg;Weinberg, S.;S. Weinberg;Weinberg, Steven;Steven Weinberg
Carl Edwin Wieman;Wieman, Carl;C. E. Wieman;Wieman, Carl E.;Carl E. Wieman;Wieman, Carl Edwin;Carl Edwin Wieman;Carl Wieman;Wieman, C. E.
Wilhelm Wien;W. Wien;Wien, W.;Wien, Wilhelm;Wilhelm Wien
Eugene Paul Wigner;Eugene P. Wigner;Wigner, Eugene;Wigner, Eugene P.;Eugene Paul Wigner;Wigner, E. P.;Wigner, Eugene Paul;E. P. Wigner;Eugene Wigner
Frank Wilczek;Wilczek, Frank;F. Wilczek;Frank Wilczek;Wilczek, F.
Charles Thomson Rees Wilson;C. T. R. Wilson;Wilson, Charles Thomson;Charles Wilson;Wilson, Charles Thomson R.;Wilson, C. T. R.;Charles Thomson Wilson;Wilson, Charles T.;Charles T. Wilson;Charles T. R. Wilson;Charles Thomson Rees Wilson;Wilson, Charles;Wilson, Charles Thomson Rees;Wilson, Charles T. R.;Charles Thomson R. Wilson
Kenneth Geddes Wilson;Wilson, K. G.;Wilson, Kenneth G.;Kenneth G. Wilson;Kenneth Wilson;Wilson, Kenneth;Kenneth Geddes Wilson;Wilson, Kenneth Geddes;K. G. Wilson
Robert Woodrow Wilson;Robert W. Wilson;R. W. Wilson;Wilson, Robert Woodrow;Robert Wilson;Wilson, Robert;Wilson, R. W.;Wilson, Robert W.;Robert Woodrow Wilson
Chen Ning Yang;Yang, Chen Ning;Chen Yang;Yang, Chen;Chen Ning Yang;Yang, C. N.;C. N. Yang;Yang, Chen N.;Chen N. Yang
Yukawa Hideki;Y. Hideki;Hideki, Y.;Hideki, Yukawa;Yukawa Hideki
Pieter Zeeman;Pieter Zeeman;P. Zeeman;Zeeman, P.;Zeeman, Pieter
Frits Zernike;F. Zernike;Zernike, Frits;Frits Zernike;Zernike, F.
